query,response,feedback,timestamp
evaluate the credit report file and summarize how james can improve his score best,"To improve his credit score, James should consider taking the following steps based on the information provided in his credit report:

1. Increase the number of open revolving accounts: James has a low credit score due to having too few open revolving accounts. Opening additional credit card accounts and managing them responsibly can help improve his credit score.

2. Decrease balances on active non-mortgage accounts: James should focus on paying down balances on his credit accounts to improve his credit utilization ratio, which is an important factor in determining credit scores.

3. Address serious derogatory items: James should work on resolving any serious derogatory items on his credit report, such as collections and charge-offs. Making arrangements to pay off these accounts or negotiating settlements can help improve his credit standing.

4. Minimize inquiries: James should avoid unnecessary credit inquiries, as they can have a negative impact on his credit score. Only apply for credit when necessary and limit the number of credit inquiries.

5. Establish a positive payment history: James should focus on making on-time payments on all his accounts to demonstrate responsible credit management. A consistent history of timely payments can help improve his credit score over time.

By taking these steps and actively managing his credit accounts, James can work towards improving his credit score and financial well-being.",Very Relevant,2024-10-27T06:14:52.087849
create letters to each of james' creditors disputing the information,"Subject: Dispute of Information - Account with FST PREMIER

Dear Sir/Madam,

I am writing to dispute the information regarding the account with FST PREMIER on my credit report. According to the report, the account was opened on 01/19 and verified on 07/24. The status is listed as ""Charged off as Bad Debt"" with a balance of $955 and a credit limit of $725.

I believe there is an error in the reporting of this account as I have different information regarding its status and balance. I request a thorough investigation into this matter and urge you to correct any inaccuracies on my credit report.

Please provide me with the necessary information on the steps taken to rectify this discrepancy.

Sincerely,
James Kopeck

Subject: Dispute of Information - Account with SANTANDER

Dear Sir/Madam,

I am writing to dispute the information regarding the account with SANTANDER on my credit report. According to the report, the account was opened on 02/21 and verified on 07/22. The status is listed as ""Charged off as Bad Debt"" with a balance of $5,153.

I believe there is an error in the reporting of this account as I have different information regarding its status and balance. I request a thorough investigation into this matter and urge you to correct any inaccuracies on my credit report.

Please provide me with the necessary information on the steps taken to rectify this discrepancy.

Sincerely,
James Kopeck

Subject: Dispute of Information - Account with MIDL AND CRED

Dear Sir/Madam,

I am writing to dispute the information regarding the account with MIDL AND CRED on my credit report. According to the report, the account was opened on 05/22 and verified on 07/24. The current balance is listed as $695.

I believe there is an error in the reporting of this account as I have different information regarding its status and balance. I request a thorough investigation into this matter and urge you to correct any inaccuracies on my credit report.

Please provide me with the necessary information on the steps taken to rectify this discrepancy.

Sincerely,
James Kopeck",Very Relevant,2024-10-27T06:15:48.881432
